,Linear,Geometric,Tree-Based,NeuralNetwork-Based
CDRSB,0.8738975855325674,0.5040182446255855,0.9019725856664172,0.8371198010333185
MMSE,0.6109913011686755,0.2855390627036938,0.7777930897637096,0.6600886028970406
EcogSPMem,0.3895153541116494,0.35226321723740267,0.13126373737965333,0.6995430947804573
RAVLT_immediate,0.24031145079209668,0.22175954611719104,0.11345254253332614,0.5693453221698349
FAQ,0.018626697874605132,0.1032108868212519,0.34109835272516964,0.582122282300536
ADAS13,0.13080552645781696,0.19054032951056799,0.26887159025526947,0.5561397278449084
ADAS11,0.03649655370750751,0.15180703654503516,0.20387522307325823,0.5720480952745299
APOE4,0.07139501060680412,0.19582377957458477,0.011187585190274806,0.5559403507657418
MH10GAST,0.16619996967340908,0.2063620244217766,0.010713529645588192,0.4792273231210509
EcogPtMem,0.09697401901553532,0.16251951430874573,0.0203471142299003,0.5072532288199891
EcogSPPlan,0.04880470181724362,0.0900061109817524,0.12177978387683343,0.5079596416163972
EcogSPOrgan,0.09232306621399518,0.09250884847775154,0.09475276004639763,0.4412802692209858
EcogSPLang,0.002006759584365269,0.1316369023117096,0.06049493539308484,0.4650813018985596
PTGENDER,0.0,0.17081417842085,0.011031953357337317,0.4633401300606604
MH13ALLE,0.24396657523279075,0.14737332198146702,0.021043143101987252,0.3421340064180476
EcogSPTotal,0.0,0.13845035585215246,0.11929198947006935,0.4026337570677754
MH8MUSCL,0.045630987358027265,0.16061521692384254,0.01134397237249515,0.41258896353986246
MH16SMOK,0.13815705881914883,0.15299705369227878,0.011539522085062637,0.37153613312298384
MH18SURG,0.21092672825721487,0.1385807974409381,0.030221850190865384,0.3039358743815875
MH5RESP,0.1358361596082138,0.1289419346420156,0.010658777056057868,0.36707820642673106
BCINSOMN,0.24176296507150788,0.15865760655244962,0.017482102398040017,0.26236055740187764
MH2NEURL,0.09558523152223221,0.15570929581808218,0.013214569149015188,0.3506497355517964
GDTOTAL,0.08748764926247728,0.12227898016692007,0.054123392749529785,0.3396121683713963
BCURNFRQ,0.14950960291893642,0.13376501822142833,0.014123122909442983,0.2990308539407507
BCMUSCLE,0.12626789731779628,0.13674755743163766,0.01112975272700045,0.30604648724337874
MH3HEAD,0.04170427123685608,0.09955742650648972,0.011440370587201805,0.3662850445019083
EcogSPVisspat,0.0,0.07449551192949476,0.05481989800645419,0.3696025201825982
BCCONSTP,0.1300027790855854,0.1408320124343818,0.018372036569970034,0.2465158455526933
BCDIZZY,0.17997747113241758,0.09521541804734428,0.04877769133726123,0.20321142675660725
MHPSYCH,0.13762117899725593,0.10753768907444028,0.01049351728271789,0.24464700222606042
EcogPtDivatt,0.020743096543694384,0.07825207891440512,0.04355392587917451,0.31560911625980276
AGE,0.06277501466976802,0.09087854750275466,0.018769896045673442,0.2916323257340028
BNTSTIM,0.0,0.05431366461778958,0.01808639103291428,0.34290940615021354
BCHDACHE,0.09369595628319682,0.11978287475621692,0.012163790581627582,0.25572469668578673
RAVLT_learning,0.028841331685396238,0.09249280037187653,0.057474270388142484,0.2756111574216474
MH9ENDO,0.06898743776989737,0.11552955641969004,0.012348782679562902,0.2560242955459445
RAVLT_perc_forgetting,0.0,0.10191719828749375,0.04207012101876505,0.28348766048342516
EcogPtLang,0.04982546925374111,0.067732256435709,0.06377602318701475,0.26304188924665234
CLOCKTIME,0.009610336314716368,0.09052228228127039,0.01050724028164638,0.29764270532106857
ST127SV,0.01627754835985009,0.05778537250215926,0.06691430380548491,0.2687245910615518
MH14ALCH,0.006731034223919649,0.041038104906765696,0.009735691060470383,0.311567277525203
MH17MALI,0.08931183449450318,0.10299232224735967,0.01163671314033511,0.21941732234435554
EcogSPDivatt,0.006821046896589215,0.08491296869898439,0.037724639347607565,0.2651774659305511
MH12RENA,0.03412559710906039,0.1621865709657693,0.010312485617197114,0.19371215107056466
BCANKLE,0.06628171750747552,0.13086781182988313,0.012103324442019925,0.1972734016527183
MH6HEPAT,0.04096656257090876,0.054062206545337,0.011033973228826974,0.25887891951390885
CLOCKSYM,0.0790067051298218,0.08682508382169722,0.014089419629741954,0.2063717475517185
MOCA,0.0,0.09077762553527777,0.01701643919173673,0.24971097148665677
COPYTIME,0.07325573928052449,0.07622929867435561,0.01070475461307753,0.21232556450709933
TRABSCOR,0.003774252770607283,0.058217697025343344,0.016615861615222015,0.2638541598552586
MH4CARD,0.038984802120115875,0.08414105097418637,0.010185041530595238,0.22753470692117655
ST37SV,0.005462167179475981,0.06310948176653922,0.022144391076196566,0.25452385871617544
ST83TS,0.039845343186275244,0.06024550330930264,0.037491856709783895,0.2250431983687752
EcogPtPlan,0.014148546991947971,0.0399355447274611,0.02945791739211597,0.2535380474526425
ANARTERR,0.0259426250629456,0.05636798164597896,0.026891852186902012,0.235796701995492
BCVISION,0.13706527744017633,0.08466935653243643,0.012614794978423771,0.1300979031119721
MH7DERM,0.023110743877461638,0.09543945395097476,0.011614066845692453,0.21318820303420732
ST26TS,0.0022147364412857464,0.024692503791235724,0.20469622198948978,0.10890783787058349
ABETA,0.0,0.05734158173272448,0.02868188510180754,0.23756613415053005
ST34TA,0.0,0.07450605705329692,0.04878768695552261,0.2063827797337725
COPYSYM,0.0721437538041542,0.0606830546617877,0.01729991456831313,0.18382575434156914
ST97TS,0.003776719466807388,0.06439738374833628,0.03345111229138821,0.21698115796178707
EcogPtTotal,0.0,0.05453794939320258,0.040387610830531724,0.21948649901229397
BCENERGY,0.09390367251155574,0.08304438832662106,0.029816637159223756,0.13227250306678542
ST77SV,0.0,0.059588471243264836,0.03458410739909743,0.2164558539002234
ST119TA,0.0,0.061385017203087894,0.09340722380928375,0.17062301732301424
ST13TA,0.019791161731687035,0.06940853103973949,0.02302566017078391,0.19816293250276587
MH11HEMA,0.010384214491763322,0.07325234538314163,0.01070224073052453,0.20744868321752208
ST88SV,0.0,0.06398899449705173,0.039403938048641965,0.19381540498779004
BCDROWSY,0.06455898327721989,0.06861062084789338,0.030491531361626315,0.1427577060791518
BCFALL,0.06164299659532811,0.07748335727253805,0.012274126723260224,0.15019060542977464
ST85TS,0.0,0.06117448140829472,0.03437703843937188,0.19169400637951944
BCDIARRH,0.06735969352223567,0.06399198064958889,0.012088361838793825,0.15134105601752224
BCRASH,0.015161605429005532,0.09669014031177138,0.010577677623084366,0.1652044349934029
ST45TA,0.0,0.05506290902153464,0.017989607676631866,0.2015562831025629
ST60TS,0.0,0.05185774500789415,0.014497565909786002,0.20192885903227814
EcogPtVisspat,0.0,0.03710760487870071,0.04930116622481615,0.1852155979618119
ST72TS,0.0,0.03608134654420841,0.022215138614123144,0.20350452026348229
ST108TS,0.0,0.04908881268946866,0.03146085040319267,0.18777054495297582
ST60SA,0.0,0.04337547579986236,0.03739140231007738,0.18726596109681548
TRAASCOR,0.0,0.01898796218856943,0.011947200166155402,0.2206558663096665
ST57TS,0.0,0.032977687727358776,0.03700121472562,0.19116024706658255
ST30SV,0.0,0.025065107347276204,0.03619888483463441,0.19700011224032515
NPISCORE,0.0,0.027872710728774133,0.019330086812816363,0.2053548161703995
ST109TS,0.002980924104965092,0.056010030913354485,0.02909946334315404,0.17626192030584076
ST83TA,0.0,0.05835354944868516,0.015807323816461664,0.18268052998677747
ST95CV,0.0032320506016009676,0.04161874398326072,0.011924097022109705,0.1953216118131766
PTEDUCAT,0.05934465826385,0.07052748326566846,0.012202595459352622,0.13047009982857052
ST49TA,0.03332231189687704,0.04844617147483262,0.023943265876921034,0.1593755874506563
ST60CV,0.0,0.04766247521258873,0.02362025242899052,0.1838256399134359
ST115TA,0.0,0.054892461806518654,0.020804782347333,0.1792717954831198
ST12SV,0.0,0.04618552723451164,0.015922055502883115,0.1877185704253716
ST13SA,0.0,0.04747123159823665,0.011891260041995446,0.18731633190556204
ST105SA,0.02852237977472859,0.04322653051441978,0.02420696340477136,0.15912826373682862
ST38TA,0.0,0.044361918213290025,0.0118064366311214,0.1862065038942593
ST48TA,0.0,0.04716792415685741,0.01636153510401898,0.17889356155331415
ST44TS,0.00381676229517496,0.058868138869743375,0.0153355262660582,0.16763985922995428
ST73TA,0.0,0.0389077986346636,0.01489909336837365,0.18435739828266104
ST102TS,0.0,0.04471636073421397,0.016780204702714286,0.17851574159700154
BCDPMOOD,0.03580765011521651,0.05610611093294333,0.0347214377730705,0.12929497442251922
ST14TS,0.0,0.06583721919669121,0.017471134075354628,0.1609650953680356
ST119CV,0.0,0.049330441532064354,0.02337267308557697,0.16949978658287512
TAU,0.0,0.04122868131846634,0.01718654733822513,0.1790961145389675
ST29SV,0.0,0.05458670184332268,0.0295064717105537,0.15936178828737962
ST89SV,0.0,0.02968736498750373,0.012045003967940058,0.18978872932611726
ST25TS,0.0012525850170237328,0.029740542006583406,0.019509768425470624,0.18276013709984115
ST47TS,0.0,0.03586062568881499,0.016963144848549515,0.1795899322727128
ST24TA,0.0,0.03859139875310982,0.04011591752191555,0.1601164336793743
ST25TA,0.0,0.04011776002371861,0.01278485197108898,0.17876435269529223
TRAAERRCOM,0.0,0.027239653094995778,0.010816755516131874,0.1892798707244027
ST26CV,0.0,0.02846465871648843,0.013998863674496433,0.18124706715146424
ST56TS,0.02542187123401345,0.04289093757276956,0.015428995632857923,0.15044721565485797
BNTCPHON,0.0,0.01880781968057358,0.045066833299904234,0.16190424383212362
ST93TA,0.0,0.05807090140851203,0.015734643134085062,0.15271637096729895
ST45CV,0.0,0.03817098190958258,0.02246242806153803,0.16309087403689723
ST103TA,0.0,0.055848659972346906,0.012589235758744533,0.15454554294174103
ST71SV,0.0,0.032402255883420085,0.02391341916180796,0.16402414356730818
PTAU,0.0,0.043723917331681766,0.01889348624880777,0.1573962051499719
ST74CV,0.0,0.03954575927802719,0.01680243849359564,0.16210825289793068
ST84TA,0.0,0.05257226476284743,0.023775400798492698,0.14499302619310567
ST105TS,0.0,0.041997275986412036,0.026481637286785705,0.15119322922881007
ST24TS,0.0,0.04434271536421113,0.030190698712324018,0.14451917739548853
ST50TS,0.0,0.0455092859725224,0.0161958783055568,0.15184130199475843
ST53SV,0.0005664534507191105,0.03230111023577262,0.01204739686542621,0.16447474419681424
ST83CV,0.0,0.044389366028068256,0.013490439968725766,0.15388165394878095
ST109TA,0.0,0.037170206908833915,0.0120454048244973,0.15957729289393122
ST96SV,0.0,0.022686642607696747,0.03910654537059954,0.1492050010873446
ST93TS,0.0,0.028392119284072963,0.029273742076592335,0.15217388657454214
ST14SA,0.0,0.040943483367674664,0.010939101576270094,0.15450834441986352
ST26SA,0.0,0.0366035413039395,0.012047407108743899,0.15565028640704062
ST51TS,0.0,0.03607087973050329,0.029780117437159324,0.14231407437802548
ST48TS,0.0,0.036219825749655994,0.025622813074528728,0.1443347339780154
ST36CV,2.370083484862803e-10,0.03246931716773493,0.01194605308636747,0.1573644244440144
ST52TA,0.0,0.035900021465730916,0.04722759038269871,0.12575828276349382
ST35SA,0.0,0.017261117306832944,0.03302177461156568,0.15175290683981696
ST62TS,0.0022605023086738583,0.03328620289937728,0.011305686936756857,0.15405660506022487
ST117TS,0.0,0.03482577141975858,0.018981753972317803,0.14682441769954097
ST70SV,0.0017711213877401055,0.03770264821868357,0.016688038739729186,0.14472104441853514
BCCOUGH,0.0,0.05879473013258987,0.01110034308669494,0.13294815561330317
ST5SV,0.0013447163762720683,0.04537560660510361,0.012751937672746332,0.14179515618881264
ST56CV,0.009898567171509805,0.028625632056323947,0.014854302663605556,0.14629717014078134
ST69SV,0.0,0.04060498202216329,0.013439220694146435,0.14493183770102255
TRABERROM,0.0,0.00934939874522068,0.013408831034003848,0.1681942000760782
ST111CV,0.006882523107745756,0.03291153014189748,0.0130175985119057,0.14566212231638423
ST32TS,0.010294241584743685,0.019701589572598283,0.051953143471820576,0.12210634150175624
BCABDOMN,0.004370412089544415,0.05913916394856293,0.01002666407359421,0.12806037790989871
ST72CV,0.0,0.04799180789699343,0.012819365772588931,0.13820860809590943
ST44TA,0.0,0.044406724128728786,0.03195739367678629,0.1255043767686319
ST118TS,0.0,0.023585298877558898,0.017401275310579303,0.15321941686649315
ST97SA,0.0,0.043024969338691786,0.02349014738405363,0.13189447202607008
ST32TA,0.0,0.03876956250246549,0.014516403279119664,0.1420601801523042
ST84CV,0.0,0.031909104347245525,0.01271986524158309,0.14758972662527012
ST84TS,0.0,0.04154243018711816,0.012161055606194989,0.1391317280435988
ST103CV,0.0,0.03504449122762288,0.017526588885266557,0.14011737395729557
ST97CV,0.0,0.03866933108195042,0.015451425684848422,0.13768381067608862
BCDRYMTH,0.0,0.05375567378395879,0.012848878786278784,0.1268969723276832
ST25SA,0.0,0.039269780923439704,0.015454114325963959,0.1364706175423503
ST73SA,0.0,0.04130873950067199,0.013206390822846603,0.13592103065924824
CATANIMSC,0.0,0.037059311855646385,0.019472194911110918,0.1339501450641234
EcogPtOrgan,0.0,0.03332375460947672,0.020682735919146447,0.13573363342493877
ST91TS,0.02423604335540099,0.027482162604865714,0.057702388444090584,0.08929738425923103
ST24CV,0.0,0.03035294068081159,0.015653361057058494,0.1402569754762993
ST107CV,0.009884249204773217,0.03565986915786062,0.014070044413100955,0.12847770849493978
ST36TA,0.0,0.02788994170338386,0.011883720932103067,0.1435578618248053
ST44CV,0.0,0.03399748790505917,0.016291728862307026,0.13396996368872105
ST60TA,0.000861293772958637,0.05019832872998739,0.02839594952380609,0.1086268879830301
RAVLT_forgetting,0.0,0.04115189965616197,0.03538568121195187,0.1110169790150468
ST125SV,0.0,0.02583353877113326,0.0247928316095735,0.13210710020392316
CLOCKNUM,0.0,0.0521351703856312,0.011233239044592674,0.12024446664968863
ST58TS,0.0,0.036815274964268126,0.015849484287285165,0.129441506816832
ST51CV,0.0,0.034262339375919736,0.011608391192196678,0.13447323797130287
ST90SA,0.0,0.03189681330752895,0.014088233960878896,0.13407131437645226
ST50TA,0.0,0.03462749488112151,0.020227876840904255,0.12685089315405962
ST80SV,0.0,0.032707992210456345,0.021064214004165575,0.1275674943114216
ST113TA,0.0004619821199777692,0.019319029805600307,0.028618942023114626,0.13169061454401773
ST44SA,0.0,0.027566445980343454,0.02178934931412637,0.1305008619886491
ST95SA,0.0,0.03342643232450216,0.013658531684998977,0.1313850931503697
ST56SA,0.0,0.03704413913306326,0.012142207795118196,0.1292938512646329
BCSWEATN,0.005323761117184889,0.037424001487433044,0.011044005234127222,0.12425601212623708
ST108TA,0.0,0.02880433772927993,0.036241843946786666,0.1149138040005056
ST102CV,0.0,0.038108089007321835,0.013442015561503495,0.1256811276697521
ST42SV,0.0,0.0283665874956006,0.01830983803730842,0.12951580867036075
ST35TA,0.00874629358333195,0.02368674410461967,0.027554283347935093,0.11865264031622788
ST43CV,0.017994737557801756,0.02152284490657574,0.018217678710424658,0.11951761680207076
CATANPERS,0.0,0.0183710221967498,0.011565752488890281,0.14086144741714052
ST11SV,0.0,0.026797027822890982,0.017974690983206344,0.12757948686714732
ST101SV,0.0,0.028204077692435225,0.011912385919532401,0.13026601290301612
BMI,0.0,0.025621475532078032,0.030721446094007548,0.11728084097571645
ST91SA,0.0,0.03400595712231281,0.011393646076469543,0.12467670906183934
ST90TA,0.016922552655458636,0.03429586126093387,0.019701599566888224,0.10294462228212602
ST2SV,0.0,0.024850763076057013,0.013001965586199104,0.1295706076205564
ST85TA,0.0,0.024892629750231023,0.012152374357532626,0.13012136872042557
ST110SA,0.0,0.030524229247971473,0.013200332049621311,0.1246212715486318
ST76SV,0.0,0.043381776612970095,0.016787267295395546,0.10955775278096477
ST39TA,0.0,0.03899680515684318,0.024308290977781352,0.10610566088005444
ST51SA,0.0,0.03144231696122595,0.011725894322678952,0.12228023366076803
ST73CV,0.0,0.036499608844649464,0.013213668472777527,0.1157911945958978
ST43TA,0.0,0.03519246746261379,0.01157691998450479,0.11792425241110689
ST48SA,0.0,0.027759410165157795,0.011360629085623098,0.12358656014369358
ST97TA,0.0,0.02909032778204374,0.011498962736720903,0.12184744489341374
ST106TA,0.0,0.0300261066562111,0.022802167793310967,0.11039101346454194
ST72SA,0.0,0.03198483539654249,0.012199514538897503,0.11734793960490207
ST110CV,0.0,0.02437427646491352,0.011974589962788258,0.12338677167705055
ST104CV,0.0024135671313501622,0.03282907508372222,0.012295571153756976,0.11418911286169921
ST16SV,0.0,0.01889646117171639,0.011043598308767893,0.12830010730626804
ST108SA,0.0,0.020553263160517962,0.012782966595048536,0.12440998776638332
ST23TA,0.0,0.02265209832070383,0.013183618642516862,0.12202370545736242
ST74SA,0.0,0.023916866847234423,0.011567379352678845,0.12220350100687882
BNTPHON,0.0,0.02031251416719064,0.017791550642563835,0.1199841232906274
ST31TS,0.0,0.026380510230840128,0.013746988675571668,0.1175533627860604
BCNAUSEA,0.016605752505968806,0.02717573791870336,0.009969479669225328,0.10587755428738134
ST40TS,0.0,0.021536078468958213,0.022687259531469148,0.11314380530396395
ST107TA,0.0,0.03259673220034763,0.022507514870080077,0.10299595823341572
ST98SA,0.0,0.022624710648246366,0.01434556990569345,0.11740767012955239
BCBREATH,0.000597440083364442,0.04952023990811571,0.010707199442136843,0.09591991134322254
ST74TA,0.0,0.02930103084265425,0.011382219797718937,0.11287637529575169
ST39CV,0.0,0.016245060746730752,0.020925729375952495,0.11562268382588424
ST54SA,0.0,0.01794342874691747,0.0111817518625356,0.12186786553934692
ST39TS,0.0,0.020901374858841044,0.017105301843836993,0.11452642034699784
ST93CV,0.0,0.02410291501840319,0.01238383118167929,0.11559304652653751
ST34TS,0.0,0.02170028568012388,0.01345506182255537,0.11644948259124589
ST91CV,0.0,0.027253351773603277,0.011793173544487487,0.11280353341061994
ST34CV,0.0,0.0256947434236832,0.014576526799250136,0.11152674367678533
ST32SA,0.0,0.028779404541241258,0.012478256544182888,0.11046294418288613
TRABERRCOM,0.0,0.017378155213463847,0.021480188531674375,0.11253671429697898
ST13TS,0.0,0.026151258599987105,0.01648412645315107,0.10727805242213478
ST106SA,0.0,0.030296634800442028,0.01602249275287203,0.10400772507908893
COPYSCOR,0.0,0.016598256225393456,0.03975668221996879,0.09527339461483066
ST113TS,0.0,0.024994344448041814,0.01954615137422029,0.10554160393305105
BNTCSTIM,0.0,0.0036342183503761346,0.014009664554742856,0.12677176317405248
ST106CV,0.0,0.02816262557310488,0.04171552994648998,0.08273547712337716
ST105CV,0.0,0.024879059341136364,0.01427857077027598,0.10871544739381026
ST18SV,0.0,0.025701115908488673,0.019571319577333088,0.1032085379420811
ST90CV,0.0,0.029401473861155884,0.016217896156441886,0.10267064979551327
ST103TS,0.0,0.027445233228930666,0.017086529550071266,0.10358328665077662
ST36SA,0.0,0.03078518959841813,0.011701346852333377,0.10502185826284387
ST99CV,0.0,0.026050442050061007,0.014611122151268918,0.10662009088256877
ST114TS,0.0,0.023780699894788322,0.01468481045932684,0.10832887229013231
ST109CV,0.0,0.024995352606229513,0.01678909124302865,0.10542993587534823
ST14TA,0.0,0.02558521160158804,0.01448658812495043,0.10670504587922854
ST57TA,0.0,0.032821594900123395,0.024256679866067117,0.09164917285516917
ST110TS,0.0,0.02540647173911274,0.030160870192799085,0.09267310411703417
ST43TS,0.0,0.023909900451322262,0.012062840116968617,0.10803177840164963
ST116SA,0.0,0.0261881371144962,0.03273100800808742,0.08808444628725046
ST57CV,0.0,0.024906287248740715,0.012839829534956656,0.1060632764078033
ST3SV,0.0,0.022132898361142735,0.017479923171890593,0.10448961846547496
ST118SA,0.0,0.02508863151154229,0.02883148281399529,0.09210823940184702
ST6SV,0.0,0.019483184499929185,0.014404441396774569,0.10903631938156563
BNTSPONT,0.0012183469266886945,0.039046826332699805,0.012177466302999262,0.0929506006585247
ST55TS,0.0,0.017937605836478944,0.02553719166725674,0.10020705461609292
ST128SV,0.0,0.00863909185985978,0.013045079362593378,0.11785916958601461
ST111TA,0.0,0.040194234335121114,0.016631429703574042,0.08727460164275444
ST107SA,0.0,0.028444592519862207,0.015350344756170337,0.09819780889773932
BCPALPIT,0.000693973464178873,0.02968406848934136,0.009953020311241834,0.10068631367161092
ST54TA,0.0,0.014990407313572983,0.03756871494020377,0.08977368953606812
ST104SA,0.0,0.016154409669945344,0.013309911767612525,0.10921009611602503
ST113SA,0.00042177246854995995,0.031074841307680116,0.010781301072275365,0.09764746844188159
ST62CV,0.0,0.01859598223421371,0.030290108907895952,0.09190773208687553
ST46TA,0.0,0.027390358426823493,0.016174633798341123,0.09619716503723916
ST46CV,0.0,0.019036618466182792,0.015506250566133702,0.10355152383870816
ST14CV,0.0,0.028038305843971337,0.012252292489428957,0.09850429227829052
ST17SV,0.0,0.02711212403345836,0.015313579036199405,0.09627684861926493
ST15TS,0.0,0.03167791484802964,0.019305707017355157,0.08864426948541071
ST35CV,0.0,0.01613067165096814,0.030440865423086556,0.0924521280494151
ST94CV,0.0,0.01617070605552926,0.015176862845615532,0.10533412820133471
ST129TS,0.0,0.028035865238589835,0.016185195169317945,0.0942250369081592
ST66SV,0.0,0.02177460139686652,0.017367250517823344,0.09826558946694033
ST121TS,0.0,0.03575587843986159,0.01830562654172783,0.08517863046947585
ST45SA,0.0,0.01983754730053357,0.014037290315230395,0.10227273689605551
ST104TS,0.0,0.01861060644438491,0.024442279842030994,0.09447158335423729
ST52CV,0.0,0.026687142132695386,0.018125974179302305,0.09276429831303173
ST130TS,0.0,0.026435994514284102,0.021467640702168903,0.09007159655768089
ST130CV,0.0,0.013789307946733475,0.013231781497998819,0.10768897257503551
ST85SA,0.0,0.01587867093417616,0.01911787571077997,0.10079311076128408
ST93SA,0.0,0.017162488089899477,0.01515685462894386,0.10267343003193419
ST54TS,0.0,0.02595436158247067,0.018113798352525974,0.09256232003477471
BNTTOTAL,0.0,0.03211214966117704,0.012048962774597476,0.09211766532057686
ST59SA,0.0,0.020123361084330382,0.015510026493954285,0.09929202267589617
ST129TA,0.0,0.019214239990941687,0.019303008059349588,0.0967530328648252
ST103SA,0.0,0.007627133546188172,0.021022041954036386,0.10489528191106713
ST130TA,0.0,0.02471529709928209,0.017103932969025834,0.09317059839827475
ST85CV,0.0,0.022398383129310057,0.030368618841571108,0.0833429462033982
ST99TS,0.0,0.02369098115423341,0.018316200225487585,0.09264118693044726
ST23TS,0.0,0.017138212672079628,0.0117958530720436,0.10334142228836024
ST35TS,0.0,0.015193366525454393,0.01984254706042278,0.09746298801357664
ST94TS,0.0,0.015149547374508701,0.02058863246290769,0.09682429684923773
ST61SV,0.0,0.008973608765042227,0.04390219998029086,0.08126527141665157
ST54CV,0.0,0.026149447853777923,0.01207851959839486,0.09394661566561682
ST62TA,0.0,0.030414288108866074,0.011900291783123379,0.09028673472022558
ST58TA,0.0,0.028560147180713116,0.01724528633069761,0.0873332150090997
ST51TA,0.0,0.018826611482138433,0.012404736308940099,0.09913040499277727
ST40CV,0.0,0.038581087343533625,0.01932737976126949,0.0751840898170494
ST112SV,0.0,0.011820842784783353,0.014396261715015582,0.10255709559766402
ST13CV,0.0,0.021587666795084857,0.014167340149031517,0.09384383533922555
ST4SV,0.0,0.026396731124657024,0.011322864401621217,0.09206338621830981
ST36TS,0.0,0.02302835691852328,0.016598639059990632,0.09044364925644006
ST118CV,0.0,0.021774107505424002,0.011826038974354608,0.0951204226762908
ST95TA,0.0,0.019863589395826314,0.02340743307151575,0.08655983801099013
ST7SV,0.0,0.014468118290113859,0.014249271143738834,0.0989819929686563
ST84SA,0.0,0.019130591667244307,0.01177718319034406,0.09653135605551454
ST62SA,0.0,0.017453333394440565,0.0233613897255835,0.08801271301451635
ST98TA,0.0,0.021328600254091126,0.01661389151104905,0.09035288975569848
ST45TS,0.0,0.008861693624338167,0.011397281246685783,0.10516816857033201
ST59TS,0.0,0.01366730246031318,0.022100364973730743,0.0916178844876162
ST31TA,0.0,0.015264043694468049,0.02109812509781578,0.09063263977197134
ST57SA,0.0,0.022289176577001496,0.017539344972012812,0.08729359548323218
ST23SA,0.0,0.01627378501022471,0.034400730037438106,0.07715168559886619
ST59TA,0.0,0.02903422468378315,0.01651878395627949,0.08124029649493031
ST49TS,0.0,0.020004904076413435,0.012498320897837796,0.09238812838570495
CLOCKHAND,0.0,0.007929665284437401,0.009151103417992476,0.10487129423283399
ST26TA,0.0,0.023363431515364963,0.013259618283242859,0.08796900099428771
ST121CV,0.0,0.015200514156817075,0.022425515106599524,0.08702971261909612
ST40TA,0.0,0.02872880372079968,0.013467714955816662,0.0827332528533399
ST38SA,0.0,0.017730681900703073,0.013537886863340549,0.09220521820793577
ST115CV,0.0,0.02105350159857505,0.013024529572484376,0.08975700549157095
ST82TS,0.0,0.019540736708502295,0.016444024780539846,0.08729115614037299
ST111SA,0.0,0.02825057589559013,0.011837356848888078,0.08343816465284999
ST119SA,0.0,0.011448348841101998,0.01923565772014744,0.09163793491262011
ST90TS,0.0,0.01369303873994852,0.023930944433659413,0.08565156926908926
ST104TA,0.0,0.020209716049298308,0.014390423600188718,0.08792014932084921
ST119TS,0.0,0.01957469635166678,0.018180797897973982,0.08515657453820405
ST111TS,0.0,0.016457042084205835,0.01620028783484481,0.08941979224693225
ST39SA,0.0,0.01385902833014481,0.01600096223869454,0.0917257297598589
ST74TS,0.0,0.01713633407343277,0.021044376222060065,0.08441112085913278
ST68SV,0.0,0.0034722406949379936,0.011281574647011626,0.10377343232312222
ST24SA,0.0,0.017871539188382704,0.02847965319605824,0.07650945742206608
ST46TS,0.0,0.022925281207218397,0.011807489940820967,0.08657498080021594
ST82SA,0.0,0.025287247920761043,0.013266607888422368,0.0831057995245683
ST109SA,0.0,0.017925000982050018,0.011822789003161882,0.09051303911668494
ST49CV,0.0,0.016154387440435385,0.011220731551776681,0.09245936370295332
ST121TA,0.0,0.01940912621390607,0.03733001778392631,0.06634420609122259
ST99SA,0.0,0.015841400775060605,0.011834133147008223,0.09199082746233218
ST95TS,0.0,0.022082412424828397,0.012687858519512285,0.08490207055185504
ST21SV,0.0,0.017515937595564843,0.02504160325589443,0.07751652888650733
ST107TS,0.0,0.017069444433193928,0.013098026001179245,0.08825614128294651
ST48CV,0.0,0.017990635480824434,0.011887545666127373,0.08846776221552818
ST117SA,0.0,0.016660943604618093,0.012939208554161218,0.08843598577609219
ST116TA,0.0,0.01956842346595902,0.017412188823211088,0.08175240167811043
ST65SV,0.0,0.018315827803737552,0.012109476539643562,0.08673965345189438
ST38CV,0.0,0.014272405514145117,0.013042029268175513,0.08938391088267984
ST46SA,0.0,0.020448355451027335,0.015754218435268693,0.08140927279179282
ST9SV,0.0,0.012763880383394929,0.01981335057650456,0.08441074490202896
ST56TA,0.0,0.020727560406312937,0.012452448406747824,0.08382442189093596
ST59CV,0.0015046154720154557,0.01624615994523828,0.01337334013661468,0.08518678511995235
ST113CV,0.0,0.013335967162240352,0.01419911524504305,0.08810639716387199
ST124SV,0.0,0.015694298657047415,0.013035344805642132,0.08697005897689716
ST116TS,0.0,0.009050268014667566,0.0163582382291131,0.0896581417688293
ST102SA,0.0,0.02385913229372005,0.021674839094092027,0.07191620260326426
ST34SA,0.0,0.012894761015167922,0.011375651385897573,0.08927813573338182
ST32CV,0.0,0.019567259680372897,0.01253620283461888,0.08194276154359148
ST50SA,0.0,0.015680842206953538,0.01304878781947005,0.08477459916237634
ST72TA,0.0,0.019695558297727313,0.017910763865742092,0.07646275659794098
ST91TA,0.0,0.01999892603292205,0.017472750318157912,0.07599527346967154
ST15SA,0.0,0.015134786090442614,0.017682770271967338,0.07998439671068336
ST83SA,0.0,0.01827731108762279,0.014687386024584626,0.07958287492261142
ST102TA,0.0,0.017694472742150358,0.013394032452878993,0.08110771786931861
ST31CV,0.0,0.022183220473126083,0.01899038728654551,0.07214859409179598
ST40SA,0.0,0.01431664262622111,0.01879441356900483,0.07890714467549059
ST98CV,0.0,0.017530294868477035,0.014661698037526412,0.07927869821769654
ST117CV,0.0,0.01848190974344313,0.012130699978940108,0.08049783673451348
ST47TA,0.0,0.0191801555848255,0.013694496520238528,0.07849039394451422
ST73TS,0.0,0.01656114680406086,0.01763096078283024,0.07713266211567311
ST105TA,0.0,0.014038772175905594,0.014986646415585867,0.08151992057798972
ST121SA,0.0,0.015314257481880287,0.013175338247153704,0.08105656083857592
ST114CV,0.0,0.021022492531078234,0.011243627785393763,0.07758982776391489
ST55CV,0.0,0.018226817256302725,0.02274956011049023,0.06950420086205014
ST115TS,0.0,0.011734678476810343,0.016784058513510225,0.07919946277888391
ST98TS,0.0,0.021538725096252327,0.012678853235987771,0.07405155414445318
ST10CV,0.0,0.011273217588637573,0.01941764690789471,0.0762501179279526
ST108CV,0.0,0.017326237836985423,0.012565707586882103,0.07694583471294919
ST106TS,0.0,0.015187719408661423,0.021028074728642987,0.07111770458699122
ST55TA,0.0,0.012984918433780001,0.016417182723931428,0.07711755542813857
ST23CV,0.0,0.019848660002803133,0.012021449136140564,0.07452541833978175
ST115SA,0.0,0.009075373188516865,0.011237841184643688,0.0842593276124017
ST117TA,0.0,0.020823604788745145,0.0137386833308787,0.0716417869081114
ST120SV,0.0,0.011210763626152144,0.012546163914520576,0.08034145462673446
ST99TA,0.0,0.016749228346771613,0.012472451648948755,0.07523694461381872
ST1SV,0.0,0.010378877504970073,0.012031680872627286,0.0809169072725148
ST52SA,0.0,0.019748300933375054,0.01296687391963618,0.07149466174856794
ST82CV,0.0,0.019454598878052204,0.015239845249571591,0.0694713167079965
ST15TA,0.0,0.020652781413236645,0.013656850187328724,0.06967765153418776
ST49SA,0.0,0.00908281325110605,0.016695116077454445,0.07685587805898755
BCURNDIS,0.003653315284884983,0.01689145770052344,0.009540187239836873,0.07199221128638213
ST47CV,0.0,0.012563766246870509,0.01668842699010267,0.07257328197983175
ST94SA,0.0,0.011000401163050521,0.014005388071681382,0.07625486227280563
ST58CV,0.0,0.014462513646283032,0.013052396828951967,0.07345067207290529
COPYNUM,0.0,0.01141326587289088,0.011897276351277523,0.07634537027485298
ST110TA,0.0,0.018418600968160736,0.014570616624359638,0.06716135449550004
ST114TA,0.0,0.012781125869618633,0.0112021122297075,0.0750777213567072
ST118TA,0.0,0.020179346323931226,0.013519110278239556,0.06631401420678051
ST15CV,0.0,0.01499818965699559,0.012878014628981681,0.07099266295675417
ST31SA,0.0,0.0169255076289716,0.013185808501506765,0.06824952513052289
CLOCKSCOR,0.0,0.018547665925381714,0.010134261778220379,0.06942375238380469
ST130SA,0.0,0.012634464575116642,0.010905501270275269,0.07374054377814544
ST47SA,0.0,0.013828667618370817,0.011544623921000694,0.07174144648287221
ST94TA,0.007545266014280571,0.011149111519676179,0.013185476041693229,0.06543575943124026
ST82TA,0.0,0.015346790728478697,0.013118954543483975,0.06746990413593301
ST55SA,0.0,0.014457914255046278,0.012640160592653216,0.06858033810950728
ST50CV,0.0,0.009580426048529966,0.014269596726216829,0.07143609910466309
ST129CV,0.0,0.010088009726870729,0.01365104236299802,0.07129028221712647
ST116CV,0.0,0.012517272589514036,0.011753443170000497,0.07001014560707741
ST129SA,0.0,0.010406803778150247,0.013665426254278277,0.07014741957290904
ST58SA,0.0,0.009553922471262135,0.0119439491194578,0.07076322143525357
ST25CV,0.0,0.011464775530329348,0.012657364336173342,0.06807874890159939
ST43SA,0.0,0.0059180431118943215,0.01589075498701425,0.0700421909231604
ST52TS,0.0,0.00932157515845268,0.015320663667784949,0.06574072685367262
ST114SA,0.0,0.011499001608974989,0.011176918172935327,0.0666437085001079
CATANINTR,0.0,0.006617041108905316,0.009829376088596884,0.07058288900908274
ST38TS,0.0,0.009917376883290162,0.013050105665838637,0.06348221571827001
ST75SV,0.0,0.010113524850916735,0.013158087731933993,0.061698960356783364
BCCRYING,0.0,0.010630089458876483,0.0077176592846020945,0.05547776159387061
TRAAERROM,0.0,0.00023936863570057205,0.003606885500147358,0.06096068256646295
BCCHEST,0.0,0.0076164418699676975,0.007794819132180754,0.04019914244586258
CLOCKCIRC,0.0,0.00477115332923051,0.005508958648768678,0.03774038744258967
COPYHAND,0.0,0.0017033659943038485,0.006312305335583051,0.03857413006653819
MH15DRUG,0.0,0.0013574019082872786,0.002219084135737469,0.028858663355550793
BCELMOOD,0.0,0.0008254089503217114,0.002586590401325964,0.022053002177313274
BCVOMIT,0.0,2.2282760966930926e-16,0.0039062295515807257,0.015430573720749963
COPYCIRC,0.0,2.6410919451973406e-17,0.002174936317149955,0.013040540688157888
BCWANDER,0.0,0.00045706724312526815,0.002638521639166964,0.0102527602938465
